x,y
0.0001671309192200593,3.4965034965035713
0.002172701949860722,263.9860139860141
0.003175487465181064,472.027972027972
0.00401114206128134,608.3916083916084
0.004345403899721444,648.6013986013986
0.0076880222841225615,674.8251748251748
0.014707520891364899,702.7972027972028
0.02172701949860724,725.5244755244755
0.030250696378830075,744.7552447552448
0.0396100278551532,763.9860139860141
0.04963788300835653,779.7202797202798
0.056155988857938696,793.7062937062938
0.0683565459610028,805.9440559440559
0.0762116991643454,812.9370629370629
